PRODUCTION NO  : PRJ8028_QFN48_TEST,,,,,,,,,,,,
PKG_TOP_LEFT_PIN : 1,,,,,,,,,,,,
PACKAGE : 48QFN 12 12 12 12,,,,,,,,,,,,
VERSION : V1.0_20240418,,,,,,,,,,,,
DIE_SIZE : 2414x1415,,,,,,,,,,,,
,,,,,,,,,,,,
PKG_NUM,PKG_PIN_NAME,DIE_NUM,DIE_PIN_NAME,IO_CELL_NAME,PKG_LOC,DIE_LOC,DIRECTION,LOAD,SLEW,SSO,,
1,SCL,103,SCL,-,L,T,-,-,-,-,,
2,SDA,104,SDA,-,L,T,-,-,-,-,,
3,BIST,105,BIST,-,L,T,-,-,-,-,,
4,DOWNBOND,106,GPIO16,-,L,T,-,-,-,-,,
0,,107,GND%C%U_AIP_TOP/U_GND_APR8,-,-,T,G,-,-,-,,
0,VDD33,107,GND%C%U_AIP_TOP/U_GND_APR8,-,-,T,G,-,-,-,,
(D1.94),VDD11%C%U_AIP_TOP/U_VDD11_APR5,1,VDD11%C%U_AIP_TOP/U_VDD11_APR5,-,-,L,P,-,-,-,,
5,VDD33,2,VDD33%IO%U_AIP_TOP/U_VDD33_INTPLL,-,L,L,P,-,-,-,,
0,,3,VSS33_ESD_RX,-,-,L,G,-,-,RX,X,Y
0,,3,VSS33_ESD_RX,-,-,L,G,-,-,RX,X,Y
0,,3,VSS33_ESD_RX,-,-,L,G,-,-,RX,X,Y
6,PAD_RX_IN0_P1,4,PAD_RX_IN0_P1,-,L,L,-,-,-,RX,,
7,PAD_RX_IP0_P1,5,PAD_RX_IP0_P1,-,L,L,-,-,-,RX,,
8,PAD_RX_IN1_P1,6,PAD_RX_IN1_P1,-,L,L,-,-,-,RX,,
9,PAD_RX_IP1_P1,7,PAD_RX_IP1_P1,-,L,L,-,-,-,RX,,
10,PAD_RX_IN2_P1,8,PAD_RX_IN2_P1,-,L,L,-,-,-,RX,,
11,PAD_RX_IP2_P1,9,PAD_RX_IP2_P1,-,L,L,-,-,-,RX,,
12,PAD_RX_CKN_P1,10,PAD_RX_CKN_P1,-,L,L,-,-,-,RX,,
13,PAD_RX_CKP_P1,11,PAD_RX_CKP_P1,-,B,L,-,-,-,RX,,
14,PAD_RX_IN3_P1,12,PAD_RX_IN3_P1,-,B,L,-,-,-,RX,,
15,PAD_RX_IP3_P1,13,PAD_RX_IP3_P1,-,B,L,-,-,-,RX,,
0,,14,VSS33_ESD_RX,-,-,L,G,-,-,RX,,
0,,14,VSS33_ESD_RX,-,-,L,G,-,-,RX,,
0,,14,VSS33_ESD_RX,-,-,L,G,-,-,RX,,
16,PAD_RX_VDDA33,17,PAD_RX_VDDA33,-,B,L,P,-,-,RX,,
0,,18,VSS33_ESD_RX,-,-,B,G,-,-,RX,,
0,,18,VSS33_ESD_RX,-,-,B,G,-,-,RX,,
0,,18,VSS33_ESD_RX,-,-,B,G,-,-,RX,,
0,,19,PAD_RX_VDDA33,-,-,B,P,-,-,RX,,
16,PAD_RX_VDDA33,20,PAD_RX_VDDA33,-,B,B,P,-,-,RX,,
0,,21,VSS33_ESD_RX,-,-,B,G,-,-,RX,,
0,,21,VSS33_ESD_RX,-,-,B,G,-,-,RX,,
0,,21,VSS33_ESD_RX,-,-,B,G,-,-,RX,,
17,DOWNBOND,0,DOWNBOND,-,B,-,G,-,-,RX,,
0,,22,PAD_RX_IN0_P2,-,-,B,-,-,-,RX,,
0,,23,PAD_RX_IP0_P2,-,-,B,-,-,-,RX,,
0,,24,PAD_RX_IN1_P2,-,-,B,-,-,-,RX,,
0,,25,PAD_RX_IP1_P2,-,-,B,-,-,-,RX,,
0,,26,PAD_RX_IN2_P2,-,-,B,-,-,-,RX,,
0,,27,PAD_RX_IP2_P2,-,-,B,-,-,-,RX,,
0,,28,PAD_RX_CKN_P2,-,-,B,-,-,-,RX,,
0,,29,PAD_RX_CKP_P2,-,-,B,-,-,-,RX,,
0,,30,PAD_RX_IN3_P2,-,-,B,-,-,-,RX,,
0,,31,PAD_RX_IP3_P2,-,-,B,-,-,-,RX,,
0,,32,VSS33_ESD_RX,-,-,B,G,-,-,RX,,
0,,32,VSS33_ESD_RX,-,-,B,G,-,-,RX,,
0,,32,VSS33_ESD_RX,-,-,B,G,-,-,RX,,
D1.94,,33,VDD11%C%U_AIP_TOP/U_VDD11_APR0,-,-,B,P,-,-,-,,
D1.94,,33,VDD11%C%U_AIP_TOP/U_VDD11_APR1,-,-,B,P,-,-,-,,
0,,34,VDD33_IOB%IO%U_AIP_TOP/U_VDD33_IOB0,-,-,B,P,-,-,-,,
D1.84,,35,VDD33_IOB%IO%U_AIP_TOP/U_VDD33_IOB0,-,-,B,-,-,-,-,,
D1.84,,35,VDD33_IOB%IO%U_AIP_TOP/U_VDD33_IOB0,-,-,B,-,-,-,-,,
0,,36,GND%C%U_AIP_TOP/U_GND_APR0,-,-,B,G,-,-,-,,
0,,36,GND%C%U_AIP_TOP/U_GND_APR0,-,-,B,G,-,-,-,,
0,,37,GPIO1,-,-,B,-,-,-,-,,
18,GPIO2,38,GPIO2,-,B,B,-,-,-,-,,
19,GPIO3,39,GPIO3,-,B,B,-,-,-,-,,
20,GPIO4,40,GPIO4,-,B,B,-,-,-,-,,
0,,41,GND%C%U_AIP_TOP/U_GND_APR2,-,-,B,G,-,-,-,,
0,-,0,-,-,-,B,-,-,-,-,,
D1.78,,43,PAD_TX_VDDA33,-,-,B,P,-,-,TX,,
21,PAD_TXOUTP0,44,PAD_TXOUTP0,-,B,R,-,-,-,TX,,
0,,45,PAD_TX_VSSA11,-,-,R,G,-,-,TX,,
22,PAD_TXOUTN0,46,PAD_TXOUTN0,-,B,R,-,-,-,TX,,
0,,47,PAD_TX_VSSA11,-,-,R,G,-,-,TX,,
0,,48,PAD_TX_VSSA11,-,-,R,G,-,-,TX,,
23,PAD_TXOUTP1,49,PAD_TXOUTP1,-,B,R,-,-,-,TX,,
24,PAD_TXOUTN1,50,PAD_TXOUTN1,-,B,R,-,-,-,TX,,
0,,51,PAD_TX_VSSA11,-,-,R,G,-,-,TX,,
0,,52,PAD_TX_VSSA11,-,-,R,G,-,-,TX,,
25,PAD_TXOUTP2,53,PAD_TXOUTP2,-,R,R,-,-,-,TX,,
26,PAD_TXOUTN2,54,PAD_TXOUTN2,-,R,R,-,-,-,TX,,
0,,55,PAD_TX_VSSA33,-,-,R,G,-,-,TX,,
0,,56,PAD_TX_VSSA33,-,-,R,G,-,-,TX,,
27,PAD_TXOUTP3,57,PAD_TXOUTP3,-,R,R,-,-,-,TX,,
28,PAD_TXOUTN3,58,PAD_TXOUTN3,-,R,R,-,-,-,TX,,
0,,59,PAD_TX_VDDA11_A,-,-,R,P,-,-,TX,,
0,,60,PAD_TX_VDDA11_A,-,-,R,P,-,-,TX,,
29,PAD_TXOUTP4,61,PAD_TXOUTP4,-,R,R,-,-,-,TX,,
30,PAD_TXOUTN4,62,PAD_TXOUTN4,-,R,R,-,-,-,TX,,
0,,63,PAD_TX_VDDA11_B,-,-,R,P,-,-,TX,,
0,,64,PAD_TX_VDDA11_B,-,-,R,P,-,-,TX,,
31,PAD_TXOUTP5,66,PAD_TXOUTP5,-,R,R,-,-,-,TX,,
32,PAD_TXOUTN5,65,PAD_TXOUTN5,-,R,R,-,-,-,TX,,
0,,67,PAD_TX_VSSA11,-,-,R,G,-,-,TX,,
0,,68,PAD_TX_VSSA11,-,-,R,G,-,-,TX,,
33,PAD_TXOUTP6,70,PAD_TXOUTP6,-,R,R,-,-,-,TX,,
34,PAD_TXOUTN6,69,PAD_TXOUTN6,-,R,R,-,-,-,TX,,
0,,71,PAD_TX_VSSA11,-,-,R,G,-,-,TX,,
0,,72,PAD_TX_VSSA11,-,-,R,G,-,-,TX,,
0,,73,PAD_TXOUTN7,-,-,R,-,-,-,TX,,
0,,74,PAD_TXOUTP7,-,-,R,-,-,-,TX,,
0,,75,PAD_TX_VDDA33,-,-,R,P,-,-,TX,,
0,,76,PAD_TX_VSSA11,-,-,R,G,-,-,TX,,
35,NC,0,NC,-,R,R,-,-,-,TX,,
36,PAD_TX_VDDA33,77,PAD_TX_VDDA33,-,R,R,P,-,-,TX,,
(D1.43),,78,PAD_TX_VDDA33,-,-,T,P,-,-,TX,,
0,,0,-,-,-,T,-,-,-,-,,
0,,80,GND_PLL,-,-,T,-,-,-,-,,
36,VDD33_PLL,81,VDD33_PLL,-,R,T,P,-,-,-,,
0,,82,LDO_EN,-,-,T,-,-,-,-,,
37,PAD_VTEST,83,PAD_VTEST,-,T,T,-,-,-,-,,
(D1.35),,84,VDD33_IOT%IO%U_AIP_TOP/U_VDD33_IOT0,-,-,T,P,-,-,-,,
38,VDD33_IOT,84,VDD33_IOT%IO%U_AIP_TOP/U_VDD33_IOT0,-,T,T,P,-,-,-,,
(D1.35),,84,VDD33_IOT%IO%U_AIP_TOP/U_VDD33_IOT0,-,-,T,P,-,-,-,,
37,GPIO5,85,GPIO5,-,T,T,-,-,-,-,,
38,VDD33_IOT,86,VDD33_IOT%IO%U_AIP_TOP/U_VDD33_IOT0,-,T,T,P,-,-,-,,
0,,87,GND%C%U_AIP_TOP/U_GND_APR4,-,-,T,G,-,-,-,,
0,,87,GND%C%U_AIP_TOP/U_GND_APR4,-,-,T,G,-,-,-,,
0,,88,GPIO6,-,-,T,-,-,-,-,,
0,,89,GPIO7,-,-,T,-,-,-,-,,
39,GPIO8,90,GPIO8,-,T,T,-,-,-,-,,
40,GPIO9,91,GPIO9,-,T,T,-,-,-,-,,
41,GPIO10,92,GPIO10,-,T,T,-,-,-,-,,
0,,93,VDD11%C%U_AIP_TOP/U_VDD11_APR3,-,-,T,P,-,-,-,,
(D1.33),,94,VDD11%C%U_AIP_TOP/U_VDD11_APR3,-,-,T,P,-,-,-,,
(D1.33),,94,VDD11%C%U_AIP_TOP/U_VDD11_APR3,-,-,T,P,-,-,-,,
D1.1,,94,VDD11%C%U_AIP_TOP/U_VDD11_APR3,-,-,T,P,-,-,-,,
42,GPIO11,95,GPIO11,-,T,T,-,-,-,-,,
0,,96,GND%C%U_AIP_TOP/U_GND_APR6,-,-,T,G,-,-,-,,
0,,96,GND%C%U_AIP_TOP/U_GND_APR6,-,-,T,G,-,-,-,,
43,GPIO12,97,GPIO12,-,T,T,-,-,-,-,,
44,GPIO13,98,GPIO13,-,T,T,-,-,-,-,,
45,RESET,99,RESET,-,T,T,-,-,-,-,,
46,TEST,100,TEST,-,T,T,-,-,-,-,,
47,GPIO14,102,GPIO14,-,T,T,-,-,-,-,,
48,GPIO15,101,GPIO15,-,T,T,-,-,-,-,,
,,,,,,,,,,,,
,,,,,,,,,,,,
,,,,,,,,,,,,
Inner_bond,,1,I0 (X.Y),I1 (X.Y),,,,,,,,
Inner_bond,,2,I2 (X.Y),(X.Y),,,,,,,,
Inner_bond,,3,(X.Y),(X.Y),,,,,,,,
Inner_bond,,4,(X.Y),(X.Y),,,,,,,,
Inner_bond,,5,(X.Y),(X.Y),,,,,,,,
Inner_bond,,6,(X.Y),(X.Y),,,,,,,,
Inner_bond,,7,(X.Y),(X.Y),,,,,,,,
Inner_bond,,8,(X.Y),(X.Y),,,,,,,,