PROJECT NO  : PRJ8803_QFN56_PSRAM,,,,,,,,,,
PKG_TOP_LEFT_PIN : 1,,,,,,,,,,
PACKAGE : 56QFN 14 14 14 14,,,,,,,,,,
VERSION : V1.0_20260428,,,,,,,,,,
DIE_SIZE : 3440x3440,,,,,,,,,,
,,,,,,,,,,
PKG_NUM,PKG_PIN_NAME,DIE_NUM,DIE_PIN_NAME,IO_CELL_NAME,PKG_LOC,DIE_LOC,DIRECTION,LOAD,SLEW,SSO
,,1,GND_OSC,-,,L,G,,,OSC
1,VDD33_ANA,2,VDD33_OSC,-,L,L,P,,,OSC
1,VDD33_ANA,3,VDD33_PLL,-,L,L,P,,,PLL
,,4,GND_PLL,-,,L,G,,,PLL
1,VDD33_ANA,5,PAD_RX_VDDA33,-,L,L,P,,,RX
,,6,PAD_RX_VLDO11,-,,L,P,,,RX
,,7,PAD_RX_VSSA11,-,,L,G,,,RX
2,MIPI_CSI_RX_L0P,8,MIPI_CSI_RX_L0P,-,L,L,,,,RX
3,MIPI_CSI_RX_L0N,9,MIPI_CSI_RX_L0N,-,L,L,,,,RX
,,10,PAD_RX_VSSA11,-,,L,G,,,RX
4,MIPI_CSI_RX_L1P,11,MIPI_CSI_RX_L1P,-,L,L,,,,RX
5,MIPI_CSI_RX_L1N,12,MIPI_CSI_RX_L1N,-,L,L,,,,RX
,,13,PAD_RX_VSSA11,-,,L,G,,,RX
6,MIPI_CSI_RX_CLKP,14,MIPI_CSI_RX_CLKP,-,L,L,,,,RX
7,MIPI_CSI_RX_CLKN,15,MIPI_CSI_RX_CLKN,-,L,L,,,,RX
,,16,PAD_RX_VSSA11,-,,L,G,,,RX
8,VDD11,17,,-,L,L,P,,,
9,VDD33,18,VDD33_IOB,-,L,L,P,,,
10,BOOT0_PIO_0,19,PAD_VTEST,-,L,L,,,,
10,BOOT0_PIO_0,20,PIO_0,-,L,L,,,,
11,BOOT1_PIO_1,21,PIO_1,-,L,B,,,,
12,BOOT2_PIO_2,22,PIO_2,-,L,B,,,,
13,TEST,23,TEST,-,L,B,,,,
14,RESETN,24,RESETN,-,L,B,,,,
15,LDO_EN,25,LDO_EN,-,B,B,,,,LDO
16,PIO_3,26,PIO_3,-,B,B,,,,
17,PIO_4,27,PIO_4,-,B,B,,,,
18,PIO_5,28,PIO_5,-,B,B,,,,
19,PIO_6,29,PIO_6,-,B,B,,,,
20,VBAT,30,VDD33_BAT,-,B,B,P,,,RTC
,,31,VBAT_PIO_0,-,,B,,,,RTC
,,32,VBAT_PIO_1,-,,B,,,,RTC
,,33,VBAT_PIO_2,-,,B,,,,RTC
21,VBAT_PIO_0,34,VBAT_PIO_3,-,B,B,,,,RTC
22,VBAT_PIO_1,35,VBAT_PIO_4,-,B,B,,,,RTC
,,36,VBAT_PIO_5,-,,B,,,,RTC
,,37,VBAT_PIO_6,-,,B,,,,RTC
23,VBAT_PIO_2,38,VBAT_PIO_7,-,B,B,,,,RTC
,,39,GND_XTAL,-,,B,G,,,RTC
23,VBAT_PIO_2,40,LEXT_IN,-,B,B,,,,RTC
24,VBAT_PIO_3,41,LEXT_OUT,-,B,B,,,,RTC
24,VBAT_PIO_3,42,VBAT_PIO_8,-,B,B,,,,RTC
25,VDD33_RAM,43,PAD_DDR_VDDA33,-,B,R,P,,,PSRAM
,,44,PAD_DDR_VSSA33,-,,R,G,,,PSRAM
,,45,PAD_DDR_VLDO,-,,R,P,,,PSRAM
,,46,PAD_CKB,-,,R,,,,PSRAM
,,47,PAD_CK,-,,R,,,,PSRAM
,,48,PAD_DDR_VSSA33,-,,R,G,,,PSRAM
,,49,PAD_CEB,-,,R,,,,PSRAM
,,50,PAD_LDM,-,,R,,,,PSRAM
,,51,PAD_DDR_VLDO,-,,R,P,,,PSRAM
,,52,PAD_DQSB,-,,R,,,,PSRAM
26,PSR_DQS,53,PAD_DQS,-,B,R,,,,PSRAM
,,54,PAD_DDR_VSSA33,-,,R,G,,,PSRAM
27,PSR_DQ7,55,PAD_DQ7,-,B,R,,,,PSRAM
28,PSR_DQ6,56,PAD_DQ6,-,B,R,,,,PSRAM
,,57,PAD_DDR_VLDO,-,,R,P,,,PSRAM
29,PSR_DQ5,58,PAD_DQ5,-,R,R,,,,PSRAM
30,PSR_DQ4,59,PAD_DQ4,-,R,R,,,,PSRAM
,,60,PAD_DDR_VSSA33,-,,R,G,,,PSRAM
31,PSR_CK,61,PAD_CK_LS,-,R,R,,,,PSRAM
,,62,PAD_CKB_LS,-,,R,,,,PSRAM
32,PSR_CE,63,PAD_CEB_LS,-,R,R,,,,PSRAM
33,PSR_DQ3,64,PAD_DQ3,-,R,R,,,,PSRAM
34,PSR_DQ2,65,PAD_DQ2,-,R,R,,,,PSRAM
,,66,PAD_DDR_VLDO,-,,R,P,,,PSRAM
35,PSR_DQ1,67,PAD_DQ1,-,R,R,,,,PSRAM
36,PSR_DQ0,68,PAD_DQ0,-,R,R,,,,PSRAM
,,69,PAD_DDR_VSSA33,-,,R,G,,,PSRAM
,,70,PAD_RESB,-,,R,,,,PSRAM
,,71,PIO_7,-,,R,,,,
,,72,PIO_8,-,,R,,,,
,,73,PIO_9,-,,R,,,,
,,74,PIO_10,-,,R,,,,
,,75,PIO_11,-,,R,,,,
,,76,PIO_12,-,,R,,,,
,,77,PIO_13,-,,R,,,,
,,78,PIO_14,-,,R,,,,
,,79,PIO_15,-,,R,,,,
,,80,PIO_16,-,,R,,,,
,,81,PIO_17,-,,R,,,,
37,AGND,82,PAD_AUDIO_VSS33,-,R,R,G,,,AUDIO_CODEC
38,LOUT,83,PAD_AUDIO_LOUT,-,R,R,,,,AUDIO_CODEC
39,MICBIAS,84,PAD_AUDIO_MICBIAS,-,R,R,,,,AUDIO_CODEC
40,MICIN,85,PAD_AUDIO_IN,-,R,R,,,,AUDIO_CODEC
41,VDD33_DAC,86,PAD_AUDIO_VDD33,-,R,R,P,,,AUDIO_CODEC
,,87,QSPI0_WP,-,,T,,,,FLASH
,,88,QSPI0_DO,-,,T,,,,FLASH
,,89,QSPI0_CS,-,,T,,,,FLASH
41,VDD33_DAC,90,VDD33_FLS,-,R,T,P,,,FLASH
,,91,QSPI0_HOLD,-,,T,,,,FLASH
,,92,QSPI0_CLK,-,,T,,,,FLASH
,,93,QSPI0_DI,-,,T,,,,FLASH
42,VDD11,94,,-,R,T,P,,,
43,PIO_7,95,PIO_18,-,T,T,,,,
44,PIO_8,96,PIO_19,-,T,T,,,,
45,PIO_9,97,PIO_20,-,T,T,,,,
46,PIO_10,98,PIO_21,-,T,T,,,,
47,PIO_11,99,PIO_22,-,T,T,,,,
48,PIO_12,100,PIO_23,-,T,T,,,,
49,PIO_13,101,PIO_24,-,T,T,,,,
50,PIO_14,102,PIO_25,-,T,T,,,,
51,PIO_15,103,PIO_26,-,T,T,,,,
52,PIO_16,104,PIO_27,-,T,T,,,,
53,PIO_17,105,PIO_28,-,T,T,,,,
54,PIO_18,106,PIO_29,-,T,T,,,,
55,PIO_19,107,PIO_30,-,T,T,,,,
56,PIO_20,108,PIO_31,-,T,T,,,,
,,,,,,,,,,
,,,,,,,,,,
,,,,,,,,,,
,,,,,,,,,,
,,,,,,,,,,
,,,,,,,,,,
,,,,,,,,,,
,,,,,,,,,,
,,,,,,,,,,
,,,,,,,,,,
,,,,,,,,,,
,,,,,,,,,,
,,,,,,,,,,
,,,,,,,,,,
,,,,,,,,,,
,,,,,,,,,,
,,,,,,,,,,
,,,,,,,,,,
,,,,,,,,,,
,,,,,,,,,,
,,,,,,,,,,
,,,,,,,,,,
,,,,,,,,,,
,,,,,,,,,,
Inner_bond,,1,I0 (X.Y),I1 (X.Y),,,,,,
Inner_bond,,2,I2 (X.Y),(X.Y),,,,,,
Inner_bond,,3,(X.Y),(X.Y),,,,,,
Inner_bond,,4,(X.Y),(X.Y),,,,,,
Inner_bond,,5,(X.Y),(X.Y),,,,,,
Inner_bond,,6,(X.Y),(X.Y),,,,,,
Inner_bond,,7,(X.Y),(X.Y),,,,,,
Inner_bond,,8,(X.Y),(X.Y),,,,,,
