PROJECT NO  : PRJ8803_QFN56_GPIO,,,,,,,,,,
PKG_TOP_LEFT_PIN : 1,,,,,,,,,,
PACKAGE : 56QFN 14 14 14 14,,,,,,,,,,
VERSION : V1.0_20260428,,,,,,,,,,
DIE_SIZE : 3870x2844,,,,,,,,,,
,,,,,,,,,,
PKG_NUM,PKG_PIN_NAME,DIE_NUM,DIE_PIN_NAME,IO_CELL_NAME,PKG_LOC,DIE_LOC,DIRECTION,LOAD,SLEW,SSO
0,,D1.1,GND_APR%C%U_PAD_GNDA_1,-,B,L,G,,,
0,,D1.2,GND_OSC%C%U_PAD_GNDA_OSC,-,,L,G,,,OSC
1,VDD33_ANA,D1.3,VDD33_OSC%IO%U_PAD_VDDA33_OSC,-,B,L,P,,,OSC
1,VDD33_ANA,D1.4,VDD33_PLL%IO%U_PAD_VDDA33_PLL,-,B,L,P,,,PLL
0,,D1.5,GND_PLL%C%U_PAD_GNDA_PLL,-,,L,G,,,PLL
1,VDD33_ANA,D1.6,PAD_RX_VDDA33,-,B,L,P,,,RX-AIP
,,D1.7,PAD_RX_VLDO11,-,,L,,,,RX-AIP
0,,D1.8,PAD_RX_VSSA11,-,,L,G,,,RX-AIP
2,MIPI_CSI_RX_L0P,D1.9,MIPI_CSI_RX_L0P,-,B,L,,,,RX-AIP
3,MIPI_CSI_RX_L0N,D1.10,MIPI_CSI_RX_L0N,-,B,L,,,,RX-AIP
0,,D1.11,PAD_RX_VSSA11,-,,L,G,,,RX-AIP
4,MIPI_CSI_RX_L1P,D1.12,MIPI_CSI_RX_L1P,-,B,L,,,,RX-AIP
5,MIPI_CSI_RX_L1N,D1.13,MIPI_CSI_RX_L1N,-,B,L,,,,RX-AIP
0,,D1.14,PAD_RX_VSSA11,-,,L,G,,,RX-AIP
6,MIPI_CSI_RX_CLKP,D1.15,MIPI_CSI_RX_CLKP,-,B,L,,,,RX-AIP
7,MIPI_CSI_RX_CLKN,D1.16,MIPI_CSI_RX_CLKN,-,B,L,,,,RX-AIP
0,,D1.17,PAD_RX_VSSA11,-,,L,G,,,RX-AIP
8,VDD11,D1.18,VDD11_APR%IO%U_PAD_VDDD11_1,-,B,L,P,,,
8,VDD11,D1.18,VDD11_APR%IO%U_PAD_VDDD11_1,-,B,L,P,,,
D1.133,,D1.18,VDD11_APR%IO%U_PAD_VDDD11_1,-,,L,P,,,
0,,D1.19,GND_APR%C%U_PAD_GNDA_2,-,,L,G,,,LDO
0,,D1.19,GND_APR%C%U_PAD_GNDA_2,-,,L,G,,,
8,VDD11,D1.20,VDD11_APR%IO%U_PAD_VDDD11_2,-,B,L,P,,,
8,VDD11,D1.20,VDD11_APR%IO%U_PAD_VDDD11_2,-,B,L,P,,,
(D1.50),,D1.21,VDD33_IOB%IO%U_PAD_VDDA33_IOB,-,,L,P,,,
(D1.132),,D1.21,VDD33_IOB%IO%U_PAD_VDDA33_IOB,-,,L,P,,,RTC
9,VDD33,D1.21,VDD33_IOB%IO%U_PAD_VDDA33_IOB,-,B,L,P,,,RTC
9,VDD33,D1.21,VDD33_IOB%IO%U_PAD_VDDA33_IOB,-,B,L,P,,,RTC
0,,D1.22,GND_APR%C%U_PAD_GNDA_3,-,,L,G,,,RTC
0,,D1.22,GND_APR%C%U_PAD_GNDA_3,-,,L,G,,,RTC
10,BOOT0_PIO_0,D1.23,PIO_0,-,B,L,,,,RTC
11,BOOT1_PIO_1,D1.24,PIO_1,-,B,L,,,,RTC
12,BOOT2_PIO_2,D1.25,PIO_2,-,B,L,,,,RTC
13,TEST,D1.26,TEST,-,B,L,,,,RTC
14,RESETN,D1.27,RESETN,-,B,L,,,,RTC
15,LDO_EN,D1.28,LDO_EN,-,R,L,,,,RTC
16,PIO_3,D1.29,PIO_3,-,R,L,,,,RTC
17,PIO_4,D1.30,PIO_4,-,R,L,,,,RTC
18,PIO_5,D1.31,PIO_5,-,R,L,,,,
19,PIO_6,D1.32,PIO_6,-,R,L,,,,
0,,D1.33,GND_APR%C%U_PAD_GNDA_4,-,,L,G,,,
0,,D1.33,GND_APR%C%U_PAD_GNDA_4,-,,L,G,,,
0,,D1.34,GND_APR%C%U_PAD_GNDA_5,-,,L,G,,,
0,,D1.35,GND_APR%C%U_PAD_GNDA_6,-,,B,G,,,
20,VBAT,D1.36,VDD33_BAT%IO%U_PAD_VDDA33_BAT,-,R,B,P,,,
,,D1.37,VBAT_PIO_0,-,,B,,,,
,,D1.38,VBAT_PIO_1,-,,B,,,,
,,D1.39,VBAT_PIO_2,-,,B,,,,
21,VBAT_PIO_0,D1.40,VBAT_PIO_3,-,R,B,,,,
22,VBAT_PIO_1,D1.41,VBAT_PIO_4,-,R,B,,,,
,,D1.42,VBAT_PIO_5,-,,B,,,,
,,D1.43,VBAT_PIO_6,-,,B,,,,
23,VBAT_PIO_2,D1.44,VBAT_PIO_7,-,R,B,,,,
0,,D1.45,GND_XTAL%C%U_PAD_GNDA_XTAL,-,,B,G,,,
23,VBAT_PIO_2,D1.46,LEXT_IN,-,R,B,,,,
24,VBAT_PIO_3,D1.47,LEXT_OUT,-,R,B,,,,
24,VBAT_PIO_3,D1.48,VBAT_PIO_8,-,R,B,,,,
0,,D1.49,GND_APR%C%U_PAD_GNDA_7,-,,B,G,,,
0,,D1.49,GND_APR%C%U_PAD_GNDA_7,-,,B,G,,,
D1.21,,D1.50,VDD33%IO%U_PAD_VDDA33_1,-,,B,P,,,
,,D1.51,PAD_RESB,-,,B,,,,
,,D1.52,PAD_DDR_VSSA33,-,,B,,,,PSRAM-AIP
,,D1.53,PAD_DDR_VDDA18,-,,B,,,,PSRAM-AIP
,,D1.54,PAD_DDR_VDDA33,-,,B,,,,PSRAM-AIP
,,D1.55,PAD_DQ0,-,,B,,,,PSRAM-AIP
,,D1.56,PAD_DQ1,-,,B,,,,PSRAM-AIP
0,,D1.57,PAD_DDR_VSSA33,-,,B,,,,PSRAM-AIP
,,D1.58,PAD_DDR_VLDO,-,,B,,,,PSRAM-AIP
,,D1.59,PAD_DQ2,-,,B,,,,PSRAM-AIP
,,D1.60,PAD_DQ3,-,,B,,,,PSRAM-AIP
25,VDD33_RAM,D1.61,PAD_DDR_VDDA33,-,R,B,P,,,PSRAM-AIP
,,D1.62,PAD_CEB_LS,-,,B,,,,PSRAM-AIP
,,D1.63,PAD_CKB_LS,-,,B,,,,PSRAM-AIP
0,,D1.64,PAD_DDR_VSSA33,-,,B,G,,,PSRAM-AIP
,,D1.65,PAD_CK_LS,-,,B,,,,PSRAM-AIP
,,D1.66,PAD_DDR_VSSA33,-,,B,,,,PSRAM-AIP
,,D1.67,PAD_DQ4,-,,B,,,,PSRAM-AIP
25,VDD33_RAM,D1.68,PAD_DDR_VDDA33,-,R,B,P,,,PSRAM-AIP
,,D1.69,PAD_DQ5,-,,B,,,,PSRAM-AIP
,,D1.70,PAD_DDR_VLDO,-,,B,,,,PSRAM-AIP
0,,D1.71,PAD_DDR_VSSA33,-,,B,G,,,PSRAM-AIP
,,D1.72,PAD_DQ6,-,,B,,,,PSRAM-AIP
,,D1.73,PAD_DQ7,-,,B,,,,PSRAM-AIP
,,D1.74,PAD_DDR_VSSA33,-,,B,,,,PSRAM-AIP
25,VDD33_RAM,D1.75,PAD_DDR_VDDA33,-,R,B,P,,,PSRAM-AIP
,,D1.76,PAD_LDQS,-,,B,,,,PSRAM-AIP
,,D1.77,PAD_LDQSB,-,,B,,,,PSRAM-AIP
0,,D1.78,PAD_DDR_VSSA33,-,,B,G,,,PSRAM-AIP
,,D1.79,PAD_DDR_VLDO,-,,B,,,,PSRAM-AIP
,,D1.80,PAD_LDM,-,,B,,,,PSRAM-AIP
,,D1.81,PAD_CEB,-,,B,,,,PSRAM-AIP
25,VDD33_RAM,D1.82,PAD_DDR_VDDA33,-,R,B,P,,,PSRAM-AIP
,,D1.83,PAD_DDR_VSSA33,-,,B,,,,PSRAM-AIP
,,D1.84,PAD_CK,-,,B,,,,PSRAM-AIP
25,VDD33_RAM,D1.85,PAD_DDR_VDDA33_PLL,-,R,B,P,,,PSRAM-AIP
,,D1.86,PAD_CKB,-,,B,,,,PSRAM-AIP
,,D1.87,PAD_DDR_VLDO,-,,B,,,,PSRAM-AIP
,,D1.88,PAD_DDR_VSSA33,-,,B,,,,PSRAM-AIP
0,,D1.89,PAD_DDR_VSSA33_PLL,-,,B,G,,,PSRAM-AIP
,,D1.90,PAD_DDR_VDDA18,-,,B,,,,PSRAM-AIP
0,,D1.91,GND_APR%C%U_PAD_GNDA_8,-,,B,G,,,
0,,D1.92,GND_APR%C%U_PAD_GNDA_9,-,,R,G,,,
26,PIO_7,D1.93,PIO_7,-,R,R,,,,
27,PIO_8,D1.94,PIO_8,-,R,R,,,,
28,PIO_9,D1.95,PIO_9,-,R,R,,,,
29,PIO_10,D1.96,PIO_10,-,T,R,,,,
30,PIO_11,D1.97,PIO_11,-,T,R,,,,
31,PIO_12,D1.98,PIO_12,-,T,R,,,,
0,,D1.99,GND_APR%C%U_PAD_GNDA_10,-,,R,G,,,
0,,D1.99,GND_APR%C%U_PAD_GNDA_10,-,,R,G,,,
32,PIO_13,D1.100,PIO_13,-,T,R,,,,
33,PIO_14,D1.101,PIO_14,-,T,R,,,,
34,PIO_15,D1.102,PIO_15,-,T,R,,,,
35,PIO_16,D1.103,PIO_16,-,T,R,,,,
36,PIO_17,D1.104,PIO_17,-,T,R,,,,
0,,D1.105,GND_APR%C%U_PAD_GNDA_11,-,,R,G,,,
0,,D1.105,GND_APR%C%U_PAD_GNDA_11,-,,R,G,,,
0,,D1.106,GND_APR%C%U_PAD_GNDA_12,-,,R,G,,,
D3.7,,D1.106,GND_APR%C%U_PAD_GNDA_12,-,,R,G,,,
37,VDD11,D1.107,VDD11_APR%IO%U_PAD_VDDD11_3,-,T,R,P,,,
37,VDD11,D1.107,VDD11_APR%IO%U_PAD_VDDD11_3,-,T,R,P,,,
0,,D1.108,GND_APR%C%U_PAD_GNDA_13,-,,R,G,,,
0,,D1.108,GND_APR%C%U_PAD_GNDA_13,-,,R,G,,,
D3.8,,D1.109,QSPI0_WP,-,,R,,,,FLASH
D3.9,,D1.110,QSPI0_DO,-,,R,,,,FLASH
D3.10,,D1.111,QSPI0_CS,-,,R,,,,FLASH
38,VDD33_DAC,D1.112,VDD33_FLS%IO%U_PAD_VDDA33_FLS,-,T,R,P,,,FLASH
38,VDD33_DAC,D1.112,VDD33_FLS%IO%U_PAD_VDDA33_FLS,-,T,R,P,,,FLASH
D3.11,,D1.112,VDD33_FLS%IO%U_PAD_VDDA33_FLS,-,,R,P,,,FLASH
D3.13,,D1.113,QSPI0_HOLD,-,,R,,,,FLASH
D3.14,,D1.114,QSPI0_CLK,-,,R,,,,FLASH
D3.15,,D1.115,QSPI0_DI,-,,R,,,,FLASH
0,,D1.116,GND_APR%C%U_PAD_GNDA_14,-,,R,G,,,
0,,D1.116,GND_APR%C%U_PAD_GNDA_14,-,,R,G,,,
38,VDD33_DAC,D1.117,PAD_AUDIO_VDD33,-,T,R,P,,,AUDIO_CODEC-AIP
39,MICIN,D1.118,PAD_AUDIO_IN,-,T,R,,,,AUDIO_CODEC-AIP
40,MICBIAS,D1.119,PAD_AUDIO_MICBIAS,-,T,R,,,,AUDIO_CODEC-AIP
41,LOUT,D1.120,PAD_AUDIO_LOUT,-,T,R,,,,AUDIO_CODEC-AIP
42,AGND,D1.121,PAD_AUDIO_VSS33,-,T,R,G,,,AUDIO_CODEC-AIP
0,,D1.122,GND_APR%C%U_PAD_GNDA_15,-,,T,G,,,
0,,D1.122,GND_APR%C%U_PAD_GNDA_15,-,,T,G,,,
43,PIO_18,D1.123,PIO_18,-,T,T,,,,
44,PIO_19,D1.124,PIO_19,-,T,T,,,,
45,PIO_20,D1.125,PIO_20,-,T,T,,,,
46,PIO_21,D1.126,PIO_21,-,T,T,,,,
47,PIO_22,D1.127,PIO_22,-,T,T,,,,
48,PIO_23,D1.128,PIO_23,-,T,T,,,,
49,PIO_24,D1.129,PIO_24,-,T,T,,,,
50,PIO_25,D1.130,PIO_25,-,T,T,,,,
0,,D1.131,GND_APR%C%U_PAD_GNDA_16,-,,T,G,,,
0,,D1.131,GND_APR%C%U_PAD_GNDA_16,-,,T,G,,,
D1.21,,D1.132,VDD33%IO%U_PAD_VDDA33_2,-,,T,P,,,
(D1.18),,D1.133,VDD11_APR%IO%U_PAD_VDDD11_4,-,,T,P,,,
0,,D1.134,GND_APR%C%U_PAD_GNDA_17,-,,T,G,,,
0,,D1.134,GND_APR%C%U_PAD_GNDA_17,-,,T,G,,,
51,PIO_26,D1.135,PIO_26,-,T,T,,,,
52,PIO_27,D1.136,PIO_27,-,T,T,,,,
53,PIO_28,D1.137,PIO_28,-,T,T,,,,
54,PIO_29,D1.138,PIO_29,-,T,T,,,,
55,PIO_30,D1.139,PIO_30,-,T,T,,,,
56,PIO_31,D1.140,PIO_31,-,T,T,,,,
0,,D1.141,GND_APR%C%U_PAD_GNDA_18,-,,T,G,,,
